family	coverage
all	0.195746
median	0.206662
mean	0.253815
std	0.214695
PBP_GOBP	0.0
CoA_binding	0.0
Lyase_8_C	0.0
FTR	0.0
tryp_alpha_amyl	0.0
Cytochrome_C1_C	0.0
CBS	0.0
GGL	0.0
LDLa	0.0
myb_DNA-binding	0.0
Fe_dep_repress	0.0
RNase_U2	0.0
gln-synt_N	0.0
VPR	0.0
PKD	0.0
mmo	0.0
e3	0.0
DEFSN	0.0
isoamylase_N	0.0
PDZ	0.0
hr	0.0
PAC	0.0
Band_41_N	0.0
MBD	0.0
GAL4	0.0
P	0.0
squash	0.0
Ribosomal_L2_N	0.0
protg	0.0
SAM_PNT	0.0
ccH	0.0
C1q	0.0
Dehydratase_SU	0.0
TIL	0.0
UBX	0.0
Cyclotide	0.0
ATP-synt_DE_N	0.0
tetR	0.0
zf-CCHC	0.0
utg	0.0
ins	0.0
mycin	0.0
cks	0.0
WH1	0.0
lta	0.00574712643678
Sulfotransfer	0.00621118012422
COX2	0.00636942675159
Dehydratase_MU	0.00649350649351
phosfruc	0.00671140939597
Orn_Arg_deC_NC	0.00714285714286
cpn60_TCP1	0.00740740740741
flavbb	0.0082304526749
A2M_B	0.00877192982456
Ribosomal_S5	0.00925925925926
Cu_nir	0.0096463022508
PA_phosphatase	0.0103806228374
slectin	0.0106382978723
TRANSTHYRETIN	0.010752688172
Rho_GDI	0.0108695652174
grs	0.010989010989
ghf14	0.0111607142857
TrkA-N	0.0117647058824
tbpc	0.0118343195266
voltage_CLC	0.0119331742243
MHC_II_alpha_NC	0.0119760479042
Pertussis_S2S3_N	0.0131578947368
UCR_14kD	0.0131578947368
cyto	0.0136054421769
tim	0.0138248847926
aldosered	0.0138408304498
ferritin	0.0138888888889
EFTU_C	0.0138888888889
plantltp	0.0151515151515
Ribosomal_S30AE	0.0153846153846
svmp	0.0157894736842
biopterin_H	0.0158102766798
MCR_alpha	0.0168067226891
mofe	0.0170731707317
cyt5	0.0175438596491
TrpBP	0.0178571428571
CBD_3	0.0178571428571
GP120	0.0180505415162
SNAP-25	0.0185185185185
RuBisCO_large_N	0.0185185185185
DAHP_synth_1	0.0189873417722
HCV_NS3	0.0192307692308
NiFeSe_Hases	0.0192307692308
taf	0.0196078431373
E2_C	0.0196078431373
DPS	0.02
rep	0.02
LRR	0.0201793721973
cat	0.0203045685279
PAS	0.0210526315789
AP_endonuc_2	0.0212765957447
cyclo	0.0222222222222
xia	0.0223463687151
capsid_c	0.0232558139535
CUB	0.0232558139535
dhfr	0.0233918128655
Glyco_transf_6	0.0246305418719
molybdopterin	0.0246734397678
YgbB	0.0246913580247
EF_TS	0.0253164556962
Pertussis_S2S3_NC	0.0253164556962
MHC_II_C	0.025974025974
hpr	0.0266666666667
Transaldolase	0.0269230769231
Ribosomal_S5_N	0.027027027027
trans_reg_C	0.027027027027
BAG	0.027397260274
hom	0.0277777777778
PAH	0.0277777777778
C4	0.0282485875706
Plectin	0.0289855072464
Phage_F	0.0291777188329
GP41	0.0294117647059
MCR_gamma	0.0296610169492
PMSR	0.0298507462687
KH	0.030303030303
Phage_lysozyme	0.0307692307692
CMAS	0.0311111111111
PGM_PMM_NC	0.03125
SRP54M	0.03125
dpo1	0.0313315926893
dutpase	0.031914893617
PAX	0.0322580645161
MCR_beta_NC	0.0322580645161
PK	0.0327455919395
CODH	0.0328185328185
MCR_beta_N	0.0331125827815
Urease_beta	0.0333333333333
DNA_pol_B_exo	0.0333333333333
MCR_alpha_N	0.0333333333333
ChtBD	0.0333333333333
Ricin_B_lectin	0.0336538461538
Orbi_VP7	0.0337078651685
Pro_CA	0.0339805825243
icd	0.0342465753425
CAT_RBD	0.0344827586207
fer2	0.0344827586207
Dehydratase_LU	0.0346820809249
ndk	0.0347826086957
cytc	0.0348837209302
pgk	0.0349206349206
SAM	0.0350877192982
Ald_Xan_dh_2	0.0357634112792
Dala_Dala_ligas	0.0364583333333
PGM_PMM_III	0.0365853658537
Dala_Dala_ligas_N	0.037037037037
CH	0.0375
Dala_Dala_ligas_C	0.0378787878788
mmob	0.0379008746356
NTP_transf_2	0.0379310344828
ung	0.0380434782609
MoCF_biosynth	0.0384615384615
Glyco_hydro_18_D2	0.0384615384615
PGM_PMM_I	0.039603960396
GerE	0.04
mmoa	0.0405117270789
tln	0.0408163265306
NO_synthase	0.0412844036697
COX1	0.041564792176
IFN-gamma	0.0416666666667
CBM_20	0.0430107526882
ICL	0.043321299639
RNA_pol_N	0.0434782608696
MIF	0.0434782608696
Adenylsucc_synt	0.0437017994859
gag_p17	0.043956043956
Cu_bind_like	0.0441176470588
Ribosomal_L30	0.0444444444444
E2_N	0.0449438202247
NTP_transf_2_N2	0.045045045045
GA	0.0454545454545
PBP_NC	0.0456730769231
aminotran_4	0.0457142857143
Ribosomal_L6_D	0.046511627907
tms	0.046511627907
CCP_MauG	0.046875
DHPS	0.0470588235294
igvar-l	0.0470588235294
NMT	0.0472727272727
Lyase_8_N	0.047619047619
Antifreeze	0.0487804878049
Fe_hyd_SSU	0.0487804878049
LEM	0.05
galpha	0.0501930501931
CCP_MauG_NC	0.0503144654088
proteasome	0.0506329113924
Tymo_coat	0.0508474576271
lipocalin	0.0512820512821
ADP_PFK_GK	0.0515151515152
SLT_beta	0.051724137931
thymid_phosphorylase	0.0520231213873
Orn_DAP_Arg_deC	0.0521739130435
hexokinase	0.0524934383202
Nitroreductase	0.0526315789474
Band_41_NME	0.0531400966184
hsp90	0.0538922155689
UPP_synthetase	0.0540540540541
cbp	0.0545454545455
DHH	0.0546875
aakinase	0.0550458715596
porin	0.0550847457627
Ribosomal_L18p	0.0555555555556
TPR	0.0560747663551
SHMT	0.0576271186441
Cohesin	0.0582524271845
gpr	0.0593220338983
rrm	0.0606060606061
Topoisomerase_I	0.0606060606061
Glu_syn_central	0.0617495711835
flav	0.0625
Ribosomal_L2_C	0.0625
ech	0.0625
Amidase_2	0.0625
UCH	0.0625
bromodomain	0.0625
EF1BD	0.0634920634921
MHC_II_beta_NC	0.063829787234
vprotease	0.0645161290323
Esterase	0.0649350649351
rvt	0.0654205607477
ACPS	0.0666666666667
IF3	0.0666666666667
CytoC_RC	0.0673076923077
transketolase_PC	0.0673575129534
recA	0.068
Ribosomal_S8	0.0681818181818
GFP	0.0683760683761
malic_N	0.0687022900763
stpp	0.0687830687831
Prismane	0.0688836104513
kunitz	0.0697674418605
EFTU_2	0.0714285714286
HGTP_anticodon	0.0714285714286
Rhodanese	0.0714285714286
malic	0.071661237785
rasgap	0.0718954248366
ngf	0.0722891566265
aadh	0.0728476821192
MCR_alpha_NC	0.0734966592428
gdh	0.0747663551402
BChl_A	0.0758122743682
adk	0.0759493670886
HATPase_c	0.0763358778626
mle	0.0764331210191
neur_chan_memb	0.0769230769231
pilin	0.0769230769231
AAA	0.0781893004115
ligase-CoA_NC	0.078231292517
Lipoprotein_4	0.078313253012
FA58C	0.078431372549
ghf34	0.0790378006873
phs	0.0791896869245
aat	0.0795454545455
Heme_oxygenase	0.079754601227
avi	0.08
NHase_alpha	0.08
B	0.0810810810811
MM_CoA_mutase_N	0.0811808118081
DNA_gyraseB_N2	0.0827338129496
GATase_2	0.0829694323144
cpn10	0.0833333333333
ANK	0.0833333333333
Ribosomal_L2	0.0833333333333
EFG_C	0.0847457627119
PEPCK_ATP	0.0851063829787
dNK	0.0852713178295
Peptidase_C2_D1	0.0857142857143
Ribosomal_L14	0.0862068965517
URO-D	0.0862745098039
urease	0.0867768595041
sdr	0.0869565217391
int	0.0869565217391
chorismate_bind	0.0874439461883
CPS	0.0875
CPSase_L_chain	0.0879120879121
nir	0.0881670533643
MutS_D2	0.0882352941176
reductases	0.0884955752212
Hint	0.0892857142857
Peptidase_C15	0.0902777777778
PEP-utilizers_C	0.0906040268456
Ribosomal_L6	0.0909090909091
MYSc	0.0909090909091
RuBisCO_large	0.0916334661355
adeno_fiber	0.0918367346939
tRNA-synt_1d_C	0.0921052631579
Peptidase_M24	0.0933333333333
FAD-oxidase_NC	0.0934065934066
Lum_binding	0.0943396226415
Sua5_yciO_yrdC	0.0945945945946
fabp	0.0952380952381
Ribosomal_S7	0.0952380952381
arrestin	0.0957446808511
ALAD	0.0981595092025
RRF	0.0983606557377
Ribosomal_L7Ae	0.1
FN1	0.1
igI	0.1
Parvo_coat2	0.100490196078
S-AdoMet_syntD2	0.10101010101
trp_syntA	0.101351351351
MATH	0.102564102564
AhpC-TSA	0.102564102564
ptpase	0.102678571429
FAD-oxidase_C	0.102941176471
ATP-sulfurylase	0.103064066852
asp	0.103286384977
glob	0.103773584906
GFO_IDH_MocA_NC	0.105769230769
PTS_EIIA_2	0.106382978723
UcrQ	0.106382978723
Bac_globin	0.106382978723
fn3	0.107142857143
Ribosomal_S15	0.107142857143
Transglutamin_NC	0.107769423559
transketolase_C	0.108108108108
mcp2	0.108695652174
EGF_Lam	0.111111111111
envelope	0.111111111111
Lipase_3	0.111111111111
cNMP	0.111111111111
Egg_lysin	0.112359550562
Cytochrome_C1	0.1125
Bacterial_PQQ	0.11498973306
Aldolase_II	0.115044247788
PCI_1	0.115384615385
fer4	0.115384615385
glnasn	0.116182572614
IMS	0.116279069767
HMG-CoA_red	0.116279069767
gln-synt_NC	0.117469879518
tRNA-synt_1	0.117647058824
UvrD-helicase	0.11821086262
KISc	0.118421052632
Lyase_8_NC	0.118881118881
Ferrochelatase	0.119047619048
6PGD	0.119122257053
ARM	0.119266055046
DUF28	0.119658119658
lyase_1	0.12
TPK_catalytic	0.120481927711
transketolase	0.120689655172
Trypan_glycop	0.12389380531
GBP_PSP	0.125
Seedstore_7s	0.125654450262
Flavoprotein	0.126582278481
WD40	0.126666666667
Arginosuc_synth	0.12676056338
PGM_PMM_II	0.12676056338
Cys_Met_Meta_PP	0.127272727273
FAD_binding_5	0.127272727273
SKI	0.127450980392
AFOR	0.128329297821
mmp	0.128440366972
ETF_alpha	0.128440366972
Acetyltransf2	0.128834355828
response_reg	0.129032258065
transket_pyr	0.12987012987
GEL	0.130434782609
START	0.131578947368
Peptidase_S15_N	0.132075471698
PEP-utilizers_NC	0.132307692308
Hpr_kinase	0.132352941176
Fz	0.132530120482
PSI_PsaE	0.133333333333
Peptidase_C2	0.133333333333
CARD	0.133333333333
THF_DHG_CYH	0.133333333333
Peptidase_A6	0.133828996283
ATP-synt	0.134328358209
SRP19	0.135135135135
Invasin	0.136363636364
recombinase	0.136363636364
Transglut_core	0.137566137566
hemocyan	0.137837837838
ATP-gua_Ptrans	0.138408304498
cyclin	0.138461538462
ghf2	0.138888888889
SLT	0.139534883721
eIF6	0.139705882353
cat3	0.140625
helicase_NC	0.140664961637
fibrinogen_C	0.141843971631
DNA_methylase	0.141891891892
ku	0.141975308642
hormone	0.142857142857
Usp	0.142857142857
ENTH	0.142857142857
Bac_rhodopsin	0.142857142857
malt_amylase_NC	0.142857142857
PGAM	0.144144144144
cox	0.144278606965
LuxS	0.144578313253
ghf17	0.146443514644
oxidored_q6	0.146666666667
arrestin_C	0.147826086957
THAUMATIN	0.1484375
TGT	0.148571428571
Fe_hyd_lg_C	0.149321266968
Cu_amine_oxid	0.150602409639
GATA	0.151515151515
Ala_racemase_N	0.152173913043
sodcu	0.152173913043
adh	0.153594771242
TPK_B1_binding	0.153846153846
serbact	0.153846153846
Sec1	0.15444015444
RuvA	0.154545454545
annexin	0.155462184874
recA_N	0.15625
STAT	0.156424581006
Glyco_hydro_48	0.15644820296
Cytochrome_C1_N	0.15652173913
S-AdoMet_synt_NC	0.156583629893
PCNA	0.156626506024
bontoxilysin	0.156862745098
Filamin	0.157894736842
fbpase	0.158249158249
QRPTase	0.16
Spermine_synth	0.160305343511
CASc	0.161016949153
Colicin	0.161764705882
AlaDh_PNT_D1	0.161904761905
Peptidase_M16	0.162264150943
mdd	0.162629757785
cah	0.162679425837
ghf18	0.162790697674
PARP	0.16339869281
P-II	0.163636363636
lipoxygenase	0.164251207729
Syntaxin	0.164383561644
ADF	0.164948453608
abhydrolase_2	0.165413533835
seatoxin	0.166666666667
SAP	0.166666666667
NHase_beta	0.166666666667
C1	0.166666666667
fkbp	0.166666666667
COX3	0.166666666667
tRNA_bind	0.166666666667
Amidinotransferase	0.16814159292
Fe-ADH	0.169064748201
MutS_D3	0.169230769231
ghf15	0.170833333333
Glyco_hydro_19	0.171122994652
uce	0.171717171717
DNA_pol3_beta	0.171875
PPTA	0.171875
PotD	0.172588832487
cytprime	0.173076923077
DEAD	0.173553719008
hormone_rec	0.173913043478
FHA	0.175
sodfe	0.175675675676
IRF	0.176470588235
HSF_DNA-bind	0.176470588235
LysR_substrate	0.176470588235
Pep_deformylase	0.177215189873
B_lectin	0.177419354839
prc	0.179012345679
ldh	0.179166666667
CBD_6	0.18
DNA_mis_repair_NM	0.181034482759
E1_dehydrog	0.18125
alpha-amylase_N	0.181818181818
Glyco_hydro_18	0.182291666667
APC10	0.182795698925
FolB	0.183673469388
SIR2	0.18487394958
DHDPS	0.185950413223
sialidase_N	0.186046511628
pdc	0.186147186147
trfl	0.186746987952
cytochr_c552	0.186813186813
Hydrolase	0.187134502924
eIF-1a	0.1875
lh2	0.1875
PBD	0.1875
Asn_synthase	0.188405797101
rnr	0.188481675393
NTP_transferase	0.188571428571
serpin	0.18875502008
RhoGEF	0.190476190476
merR	0.190476190476
aldedh	0.191326530612
Glu_synth_NTN	0.191729323308
TPK	0.193548387097
asprs	0.193939393939
hemery	0.194029850746
SAICAR_synt	0.194444444444
Dwarfin	0.194444444444
HPPK	0.194690265487
ppase	0.19512195122
Methyltransf_2	0.197604790419
Ran_BP1	0.197674418605
ligase-CoA	0.197916666667
PPDK_N_term	0.198501872659
tRNA-synt_2b	0.198924731183
L15	0.2
actin	0.2
WHEP-TRS	0.2
sigma54	0.2
Terpene_synth_NC	0.200598802395
Bacteriofer	0.201388888889
A2M_A	0.202380952381
DNA_polymeraseX	0.202702702703
ace	0.203703703704
Kchannel	0.204545454545
G6PD_C	0.204819277108
IMPDH	0.204819277108
GXGXG	0.205741626794
kinase	0.206572769953
Sec23_NC	0.206751054852
RNA_pol_K	0.206896551724
Arg_repressor_N	0.206896551724
peroxidase	0.208494208494
enolase	0.209239130435
ModE_C	0.209302325581
pentraxin	0.209302325581
Staphylokinase	0.210526315789
Clp_N	0.210526315789
ModA	0.210526315789
Malate_synthase	0.211586901763
OTCace	0.21186440678
gln-synt	0.212244897959
bv	0.2125
cys	0.212903225806
DeoC	0.212962962963
ABC_tran	0.213483146067
PAP2	0.214545454545
rhv	0.214899713467
Lipoprotein_6	0.214953271028
RuBisCO_large_NC	0.216216216216
aminotran_5	0.217857142857
RNase_HII	0.218487394958
DNA_gyraseB	0.21897810219
His_biosynth	0.22
psaA_psaB	0.221238938053
DNA_mis_repair_M	0.222222222222
zf-TAZ	0.222222222222
arrestin_NC	0.223880597015
Peptidase_S21	0.223880597015
Glyco_hydro_67	0.223946784922
rnase	0.224137931034
Inos-1-P_synth	0.224137931034
KSI	0.22619047619
ricin	0.22641509434
Beta_elim_lyase	0.227272727273
MurB_C	0.228070175439
Colicin_Pyocin	0.228070175439
Pyridox_oxidase	0.228571428571
phosphotriesterase	0.228758169935
CCP_MauG_C	0.229166666667
DSBA	0.230088495575
endotoxin	0.230136986301
SSB	0.230769230769
ALBUMIN	0.230769230769
toxin_2	0.230769230769
DEP	0.230769230769
Peptidase_M10A	0.232258064516
Astacin	0.232323232323
piplc	0.232323232323
ghf46	0.233333333333
DMRL_synthase	0.233333333333
Phage_G	0.233333333333
F_bP_aldolase	0.233576642336
HSP20	0.235294117647
ISP	0.235294117647
Glyco_hydro_47	0.235294117647
Sec7	0.235294117647
DHquinase_II	0.235294117647
Glyco_hydro_18_D1	0.23595505618
DNA_photolyase	0.236434108527
GTP_cyclohydroI	0.236641221374
Peptidase_S15	0.237762237762
aspg	0.238636363636
FAD_binding	0.239316239316
tRNA-synt_1b	0.240740740741
MutS_N	0.240740740741
FYVE	0.240740740741
egf	0.241379310345
ACBP	0.243243243243
TIR	0.243243243243
arginase	0.243243243243
Ribosomal_S5_C	0.245901639344
phc	0.246376811594
Glyco_hydro_20	0.246575342466
F5_F8_type_C	0.247311827957
il10	0.247422680412
GSH_synthase_NC	0.247706422018
FAD_binding_2	0.248979591837
LIM	0.25
pp-binding	0.25
Chorismate_mut	0.25
Levi_coat	0.25
rnh	0.25
bac_luciferase	0.25
Ald_Xan_dh_1	0.25
Cu-oxidase	0.252475247525
bac_lipase	0.252525252525
Penicil_amidase	0.253164556962
leukocidin	0.253731343284
OMPdecase	0.253968253968
KAS	0.255319148936
apbact	0.255813953488
TyrKc	0.255952380952
Uricase	0.25641025641
Sm	0.257142857143
ghf9	0.259036144578
Cys_knot	0.259259259259
RGS	0.259615384615
CYCc	0.261363636364
XPG_NC	0.261904761905
oat	0.262008733624
citrate_synt	0.262569832402
TBCA	0.263157894737
kex	0.263157894737
CDC48	0.26582278481
G6PD	0.26582278481
G6PD_NC	0.26618705036
DNA_pol_B	0.266666666667
P53	0.266666666667
HTH_AraC	0.266666666667
Ribosomal_L22	0.268292682927
Epimerase	0.268518518519
Topoisom_bac	0.268907563025
pot	0.269230769231
Fapy_DNA_glyco	0.269503546099
RHD	0.270114942529
Recep_L_domain	0.27027027027
blm	0.272300469484
prt	0.272727272727
Glyco_hydro_2_N	0.272727272727
Thioesterase	0.272727272727
ghf7	0.273224043716
SRP54	0.273885350318
GFO_IDH_MocA	0.274193548387
Peptidase_M17_N	0.274509803922
tRNA-synt_1d_N	0.274509803922
Amino_oxidase_D2	0.275
Cucumo_coat	0.275
GSH_synth_ATP	0.275449101796
tRNA-synt_2d	0.276595744681
Peptidase_S11	0.278571428571
tRNA-synt_1d	0.281124497992
DegT_DnrJ_EryC1	0.28125
RrnaAD	0.283018867925
RNA_pol_A_bac	0.284615384615
Peripla_BP_2	0.285714285714
lacI	0.285714285714
RNA_dep_RNA_pol	0.285714285714
HIT	0.285714285714
Bac_DNA_binding	0.285714285714
Zn_dep_PLPC	0.287234042553
DHHA2	0.2875
Terpene_synth_C	0.287804878049
sugbp	0.288288288288
GAD	0.288461538462
GroEL	0.288888888889
Peptidase_C2_D2	0.288888888889
Sulfatase	0.289156626506
UPF0076	0.289473684211
CoA_trans	0.289719626168
kringle	0.289855072464
Peptidase_M27	0.291044776119
SAM_decarbox	0.291262135922
EFG_IV	0.291666666667
tRNA-synt_1d_M	0.293233082707
AMP-binding	0.293532338308
Asn_synthase_NC	0.293785310734
DnaJ	0.294117647059
5_3_exonuclease	0.294117647059
capsid_n	0.294117647059
fusion_gly	0.294117647059
alk_phosphatase	0.295081967213
S_100	0.296296296296
S-AdoMet_syntD3	0.297520661157
Glucosamine_iso	0.297777777778
fer4_NifH	0.298136645963
XPG_NI	0.299212598425
Haloperoxidase	0.3
phero	0.3
PX	0.3
il8	0.3
Pept_C1-like	0.3
aconitase	0.3
zf-CCHH	0.3
ghf28	0.3
HTH_AraC_2	0.301204819277
Inh	0.302325581395
UreE	0.302325581395
Transpeptidase	0.302419354839
PTB	0.30303030303
XPG_C	0.305555555556
Amidase	0.305699481865
T-box	0.306306306306
hemopexin	0.30701754386
pro_aminopeptidase	0.307116104869
SCP	0.307692307692
DHBP_synthase	0.308943089431
dsrm	0.310344827586
malic_C	0.313253012048
Cytidylyl_trans	0.313725490196
dpb	0.314410480349
Peptidase_M17	0.315
p450	0.315270935961
tRNA-synt_1c	0.315315315315
Terpene_synth_N	0.315315315315
gpdh	0.315589353612
AP_endonucleas1	0.315789473684
MM_CoA_mutase	0.315789473684
Transglutamin_C	0.315789473684
ribonuclease_T2	0.315789473684
Rib_hydrolayse	0.317829457364
RNA_pol_H	0.32
dCMP_cyt_deam	0.321428571429
Ribosomal_L5_NC	0.323529411765
MutS_NC	0.32384341637
PGM_PMM	0.324324324324
histone	0.324324324324
FAD_binding_4	0.327272727273
FAA_hydrolase	0.327868852459
EPSP_syntase	0.328467153285
oxidored_FMN	0.328671328671
Peptidase_S9	0.329787234043
Pectinesterase	0.330275229358
DAO	0.330827067669
laminin_G	0.333333333333
toxin	0.333333333333
Arg_repressor_C	0.333333333333
RA	0.333333333333
Flavin_Reduct	0.333333333333
Rotamase	0.333333333333
Ribosomal_L4	0.333333333333
rvintegrase	0.333333333333
Rop	0.333333333333
PARP_reg	0.333333333333
Bet_v_I	0.335877862595
isoamylase_NC	0.336
6PF2K	0.336842105263
ghf5	0.33950617284
PGI	0.341040462428
PHBH	0.34188034188
RNA_pol_A_CTD	0.34375
Cytidylyltransf	0.344827586207
TonB_dep_Rec	0.346456692913
MAP1_LC3	0.346534653465
igV	0.347826086957
ghf33	0.349206349206
Endonuclease_3	0.35
TNF	0.35
MAAL	0.352272727273
inositol_P	0.352272727273
VHS	0.354430379747
MAAL_C	0.354609929078
AlaDh_PNT	0.354838709677
DNA_ligase	0.35593220339
PNTB	0.356435643564
Glyco_hydro_20b	0.357142857143
Huristasin	0.357142857143
DNA_topoisoIV	0.357575757576
tubulin	0.357692307692
MGS	0.36
S_T_dehydratase	0.36036036036
SpoU_methylase_C	0.360655737705
Bcl-2	0.361445783133
DUF101	0.363636363636
FN2	0.363636363636
Ribosomal_L12	0.363636363636
N6_N4_Mtase	0.363636363636
PRK	0.365853658537
ATP-synt_g	0.368421052632
Extradiol_dioxy	0.368421052632
PDGF	0.368421052632
SCP2	0.368421052632
ghf1	0.369897959184
Gly_radical	0.37037037037
Ham1p_like	0.371794871795
CN_hydrolase	0.372340425532
Asp_Glu_race	0.375
C2	0.375
GSH_synthase	0.375
phycoerythr_ab	0.375
ETF_beta	0.375609756098
az	0.376068376068
Fe_Asc_oxidored	0.376470588235
ARID	0.378378378378
DNA_ligase_N	0.380952380952
transcript_fac2	0.382113821138
tcl1_mtcp1	0.382978723404
pnp	0.383561643836
Nitrophorin	0.395833333333
cystatin	0.396226415094
sh2	0.397260273973
PCMT	0.397959183673
ghf11	0.398692810458
SIS	0.4
igC2	0.4
NusB	0.4
LBP_BPI_CETP	0.4
hip	0.4
ribokinase	0.4
aldose	0.401408450704
thiolase	0.403669724771
Glyco_transf_28	0.404255319149
Mur_ligase	0.404255319149
Stap_Strp_toxin	0.405063291139
DUF50	0.407407407407
CC4	0.409836065574
Orn_Arg_deC_N	0.410404624277
DHOdehase	0.410852713178
mdm2	0.41095890411
LIF_OSM	0.411764705882
tRNA-synt_1_edit	0.411764705882
cytb	0.414285714286
pcd	0.416666666667
Integrase_Zn	0.416666666667
alpha-amylase_C	0.417721518987
GATase	0.417910447761
ERM	0.41935483871
internalin	0.421052631579
ACT	0.421052631579
TIMP	0.423529411765
cytochrome_b	0.425149700599
Lyase_8	0.425531914894
Fe_dep_repr_M	0.425531914894
ghf10	0.426573426573
DEATH	0.428571428571
TFIIS	0.428571428571
Cutinase	0.43137254902
UBQ	0.43137254902
hla	0.438709677419
MAAL_N	0.440677966102
blmb	0.442307692308
hexapep	0.442307692308
Anperoxidase	0.442424242424
SRF-TF	0.442857142857
pec_lyase	0.442857142857
UPF0044	0.444444444444
dTDP_sugar_isom	0.444444444444
TMV_coat	0.445544554455
AlaDh_PNT_D2	0.447368421053
sti	0.448275862069
kazal	0.45
PEP-utilizers	0.45
UCR_TM	0.452380952381
SpoU_methylase_N	0.454545454545
S-AdoMet_synt	0.454545454545
PAF-AH	0.457142857143
Exonuclease	0.457142857143
ghf16	0.458563535912
S4	0.459459459459
recA_C	0.46
Apocytochrome_F	0.461139896373
Band_41_M	0.461538461538
GHMP_kinases_C	0.461538461538
SET	0.462962962963
Mu_DNA_bind	0.464285714286
Histidine_kinase	0.46511627907
RuBisCO_small	0.467391304348
formyl_transf	0.469696969697
Me-amine-deh_L	0.47191011236
pp	0.47619047619
DSPc	0.477272727273
SpoU_methylase	0.479166666667
DNA_PPF	0.48
CBD_2	0.48
Furin-like	0.48
aabp	0.481308411215
mutT	0.481481481481
HMA	0.481481481481
tyrosinase	0.482142857143
parv	0.48275862069
Amino_oxidase	0.483333333333
Alpha_adaptinC12	0.488888888889
PABP	0.489361702128
Tautomerase	0.489795918367
Topoisomerase_I_core	0.490196078431
tgfb	0.490196078431
pili_assembly	0.490566037736
SBP_bacterial_1	0.491638795987
pou	0.491803278689
IU_nuc_hydro	0.492063492063
aminobp	0.493243243243
Isochorismatase	0.493333333333
Binary_toxA	0.493333333333
eIF-5a	0.5
PBP_C2	0.5
MMOB	0.5
thiored	0.5
PH	0.5
Activin_recp	0.5
igcon	0.5
Toprim	0.5
integrase	0.5
MDH	0.510638297872
PBP	0.510638297872
7kD_DNA_binding	0.513513513514
msb	0.516129032258
Ribosomal_L1	0.524752475248
Methyltransf_1	0.526315789474
ets	0.526315789474
Jacalin	0.528455284553
CcmE	0.533333333333
alpha-amylase_NC	0.535714285714
Cys-protease-3C	0.536585365854
Yers_vir_YopE	0.538461538462
GHMP_kinases	0.54
Ribonuclease_P	0.541666666667
Transglutamin_N	0.542857142857
lamb	0.54375
Frataxin_Cyay	0.548387096774
TIG	0.552631578947
SPEC	0.553191489362
VAT-N	0.555555555556
Skp1	0.555555555556
cyt3	0.557894736842
Asp_Glu_race_D	0.558823529412
helicase_C	0.565789473684
MCR_beta	0.566666666667
Peptidase_S15_C	0.567567567568
ghf6	0.568965517241
acyo	0.568965517241
WW	0.571428571429
rvp	0.574712643678
rub	0.575
biotin_lipoyl	0.575757575758
Glyco_transf_8	0.576923076923
ANATO	0.578947368421
IF4E	0.58064516129
scorptoxin	0.585365853659
prenyltrans	0.586956521739
MSP_domain	0.587719298246
GFO_IDH_MocA_C	0.590909090909
MutS_C	0.59649122807
Pertussis_S2S3	0.597826086957
phoslip	0.597826086957
chromo	0.6
igvar-h	0.6
MIP	0.603773584906
gluts	0.60621761658
profilin	0.607843137255
ltb	0.608695652174
CopC	0.611111111111
Acetyltransf	0.611111111111
STAS	0.615384615385
Desulfoferrodox	0.615384615385
rnasemam	0.616279069767
gtp	0.619047619048
urease_gamma	0.622950819672
DUF153	0.625
DAP_epimerase	0.625
CAP_GLY	0.625
igC1	0.628571428571
GHMP_kinases_N	0.62962962963
Amino_oxidase_D1	0.632183908046
subt	0.633333333333
MHC_II_N	0.634146341463
linker_histone	0.642857142857
cpa	0.643356643357
lipase	0.64578313253
VAT-Nn	0.647058823529
NADHdh_2	0.649402390438
ghf22	0.651785714286
Ribosomal_L11	0.657142857143
Propep_M14	0.657142857143
Agglutinin	0.666666666667
Thr_dehydrat_C	0.666666666667
VAT-Nc	0.666666666667
CIDE-N	0.666666666667
NTP_transf_2_2	0.666666666667
neurotox	0.666666666667
Alpha_adaptin_C	0.666666666667
Mur_ligase_C	0.666666666667
MIF4G	0.666666666667
acid_phosphat	0.667752442997
csp	0.672727272727
cryst	0.675
intb	0.675213675214
HLH	0.684210526316
Elicitin	0.684210526316
spidertoxin	0.6875
cdh	0.6875
LMWPc	0.691780821918
planttoxin	0.692307692308
DUF170	0.7
PBP_C1	0.7
TmpK	0.704545454545
PyrI_NC	0.705882352941
DISIN	0.714285714286
Cyclodex_gly_tran	0.715361445783
INTERFERON_A_B_D	0.718309859155
RhoGAP	0.719298245614
alpha-amylase	0.719653179191
GAF	0.72
igps	0.72
ltn	0.724770642202
TNFR_c6	0.727272727273
Alpha_adaptinC2	0.730769230769
HMG_box	0.736842105263
thionin	0.742857142857
sermam	0.747787610619
Arch_histone	0.754385964912
hormone5	0.757575757576
cbm12	0.777777777778
GLUCAGON	0.777777777778
mthinb	0.8
BRCT	0.8
Peptidase_S24	0.8
PyrI	0.84
mthina	0.857142857143
SUI1	0.875
bowman	0.888888888889
PAN	0.888888888889
Fimbrial	0.9
Fork_head	0.909090909091
Phage_integrase	0.916666666667
GLA	1.0
S1	1.0
END	1.0
Glyco_hydro_2	1.0
BIR	1.0
Arthro_defensin	1.0
sh3	1.0
DNA_ligase_C	1.0
RING	1.0
UPF0033	1.0
PARATHYROID	1.0
