#	0	1	2	3	4	5	6	7	8	9	10	11	12	13	14	15	16	17	18	19	20	21	22	23	24	25	26	27	28	29	30	31	32	33	34	35	36	37	38	39	40	41	42	43	44	45	46	47	48	49	50	51	52	53	54	55	56	57	58	59	60	61	62	63	64	65	66	67	68	69
0	28385	121	0	0	0	0	0	0	1	0	0	0	0	0	0	5	0	0	0	0	114	0	0	0	0	0	0	179	70	0	0	0	0	0	0	0	0	0	0	228	0	0	0	0	90	574	0	0	9	0	0	0	0	0	9	0	5	0	0	0	1	0	0	0	0	0	0	1	0	0
1	0	877	1	0	0	0	0	0	0	0	0	0	0	0	5	1	0	1	0	0	2	0	0	0	0	2	0	34	0	0	0	0	0	0	5	0	0	0	1	25	0	0	0	0	9	1	0	0	2	0	1	0	0	0	3	0	48	0	0	0	0	0	0	0	7	0	0	0	0	0
2	0	0	1644	0	0	0	0	0	0	0	2	4	0	0	1	0	60	0	0	0	0	0	0	0	1	0	1	1	0	0	0	0	1	4	112	0	0	0	0	0	0	0	0	0	0	0	0	0	1	1	0	6	0	0	2	0	3	0	0	0	0	2	0	0	0	0	0	2	2	0
3	0	0	0	1754	0	0	0	0	0	29	6	4	0	0	0	0	0	0	0	22	0	0	0	48	0	0	0	0	0	0	2	0	0	0	0	7	1	0	0	0	1	0	17	0	0	0	0	2	0	0	0	0	2	0	0	0	0	3	4	0	0	0	0	1	0	0	0	0	2	2
4	0	0	0	0	537	4	7	0	0	0	0	0	0	0	1	0	0	10	2	1	0	12	6	0	8	0	0	0	0	13	0	10	11	2	4	1	0	3	24	0	0	0	0	1	0	1	0	11	0	24	1	0	0	7	0	3	1	0	3	0	5	5	1	0	3	0	3	0	0	0
5	0	0	0	0	0	2953	106	0	0	0	0	0	0	0	1	0	0	1	48	0	0	0	57	0	0	0	0	0	0	4	3	13	73	2	0	0	0	0	0	0	0	0	0	0	0	0	64	0	0	3	0	0	0	0	0	11	2	0	62	92	0	0	31	0	0	0	0	0	0	0
6	0	0	0	0	0	0	2878	0	0	0	0	0	0	0	0	0	0	0	245	0	0	3	3	0	0	0	0	0	0	45	0	32	16	0	0	0	0	0	3	0	0	0	0	0	0	0	149	0	0	1	0	0	0	1	0	1	0	0	8	61	3	0	5	0	1	0	0	0	0	0
7	0	0	0	0	0	0	0	545	0	0	0	2	7	1	0	0	0	0	0	0	1	0	7	0	0	2	8	0	17	0	0	0	0	0	0	0	0	0	0	0	0	6	5	0	0	1	0	1	2	1	0	0	6	0	0	0	0	5	1	0	23	2	0	0	0	19	0	2	8	0
8	0	0	0	0	0	0	0	0	1938	0	0	0	0	0	0	13	0	8	0	0	8	0	0	0	0	46	0	0	3	0	0	0	0	0	0	14	0	0	0	0	0	0	0	0	0	4	0	0	3	0	15	0	0	0	0	0	0	2	0	0	9	2	0	1	0	0	2	0	0	0
9	0	0	0	0	0	0	0	0	0	914	2	4	0	0	0	0	0	0	0	1	0	0	1	4	1	0	1	0	0	0	0	0	0	0	0	0	1	0	0	18	1	2	18	1	0	0	0	4	0	0	0	12	47	0	0	0	0	0	0	0	2	1	4	29	0	0	0	7	0	2
10	0	0	0	0	0	0	0	0	0	0	349	5	0	0	0	0	5	0	0	1	0	0	0	14	0	0	0	0	0	0	8	0	0	0	1	1	0	0	0	0	0	1	12	7	0	0	0	1	2	0	0	8	4	0	0	0	0	5	0	0	0	4	0	0	0	0	0	2	1	1
11	0	0	0	0	0	0	0	0	0	0	0	1583	2	0	0	0	0	0	0	8	0	0	2	2	60	0	2	0	0	0	1	0	3	0	1	3	0	0	0	0	44	0	9	0	0	0	0	3	0	1	0	0	1	2	0	0	0	34	0	0	40	59	0	3	0	15	71	8	0	16
12	0	0	0	0	0	0	0	0	0	0	0	0	382	14	5	0	1	1	0	12	0	0	1	0	0	0	12	0	0	0	1	0	0	0	2	0	0	0	1	0	0	0	1	0	0	0	0	7	0	0	0	0	2	0	1	0	0	1	0	0	0	0	0	1	8	0	3	0	13	0
13	0	0	0	0	0	0	0	0	0	0	0	0	0	1603	7	0	0	0	1	5	0	0	0	0	5	0	14	0	0	0	0	0	3	6	0	0	0	0	4	0	0	0	0	0	4	0	0	0	0	0	0	0	0	7	0	1	0	0	1	0	0	0	0	0	44	77	16	0	0	0
14	0	0	0	0	0	0	0	0	0	0	0	0	0	0	429	0	22	1	0	1	0	0	1	0	0	2	2	1	0	0	0	0	0	3	37	0	0	1	3	0	0	0	0	0	32	0	0	1	0	1	2	0	0	1	1	0	0	0	0	0	0	0	0	0	12	0	0	0	0	0
15	0	0	0	0	0	0	0	0	0	0	0	0	0	0	0	555	0	0	0	0	13	0	0	0	1	6	0	0	0	0	0	0	0	0	0	4	0	0	0	0	0	0	0	0	0	35	0	0	1	0	4	0	0	0	18	0	1	0	0	0	1	0	0	0	0	2	0	0	0	0
16	0	0	0	0	0	0	0	0	0	0	0	0	0	0	0	0	1346	0	0	1	0	0	2	0	0	0	3	0	0	0	2	0	0	5	3	0	0	0	1	0	0	0	1	1	0	0	0	0	5	10	0	9	0	0	0	0	4	0	0	0	0	1	0	0	0	0	0	0	2	0
17	0	0	0	0	0	0	0	0	0	0	0	0	0	0	0	0	0	390	0	3	0	0	0	1	0	4	0	0	0	0	6	2	0	5	0	4	3	6	2	0	0	0	0	0	0	0	0	0	1	1	12	0	0	1	0	0	2	0	0	0	0	0	0	0	0	0	2	0	1	0
18	0	0	0	0	0	0	0	0	0	0	0	0	0	0	0	0	0	0	6768	0	0	62	1	0	0	0	0	0	0	88	0	9	34	2	0	0	0	0	2	0	0	0	0	0	0	0	347	1	0	0	0	0	0	24	0	11	0	0	4	136	0	0	35	0	3	0	0	0	0	0
19	0	0	0	0	0	0	0	0	0	0	0	0	0	0	0	0	0	0	0	934	0	0	0	6	0	1	8	1	0	0	0	0	0	0	0	10	7	3	0	0	0	0	0	0	0	0	0	5	0	1	2	0	0	0	1	0	0	3	0	0	9	0	0	0	1	4	2	0	10	0
20	0	0	0	0	0	0	0	0	0	0	0	0	0	0	0	0	0	0	0	0	1314	0	0	0	0	24	0	28	32	0	0	1	0	0	0	0	0	0	0	15	0	0	0	0	19	37	0	0	1	0	27	0	0	0	2	0	2	0	0	0	0	0	0	2	1	0	0	0	0	0
21	0	0	0	0	0	0	0	0	0	0	0	0	0	0	0	0	0	0	0	0	0	2821	0	0	50	0	0	0	0	82	0	1	7	0	0	0	0	0	15	0	0	0	0	0	0	0	0	9	0	0	0	1	0	81	0	81	0	0	0	48	1	0	1	3	26	0	2	0	0	0
22	0	0	0	0	0	0	0	0	0	0	0	0	0	0	0	0	0	0	0	0	0	0	1785	0	2	0	1	0	1	0	4	1	61	0	0	0	0	0	1	0	0	0	5	46	0	0	0	6	0	10	3	0	13	25	0	8	0	0	147	11	10	62	7	16	0	0	0	2	0	0
23	0	0	0	0	0	0	0	0	0	0	0	0	0	0	0	0	0	0	0	0	0	0	0	1063	0	2	1	17	0	0	19	0	4	2	0	38	17	19	0	0	0	0	2	0	0	0	0	0	0	0	0	0	0	1	1	0	0	0	0	0	0	3	1	2	0	0	6	2	0	0
24	0	0	0	0	0	0	0	0	0	0	0	0	0	0	0	0	0	0	0	0	0	0	0	0	3999	0	0	0	0	1	0	0	2	0	1	0	0	0	8	0	11	0	0	0	0	0	0	24	0	5	0	0	0	98	0	15	3	8	0	2	91	7	0	13	46	1	31	9	0	0
25	0	0	0	0	0	0	0	0	0	0	0	0	0	0	0	0	0	0	0	0	0	0	0	0	0	635	0	1	0	0	0	0	0	0	0	14	0	1	0	0	0	0	0	0	0	0	0	0	0	1	66	0	0	0	1	0	0	0	0	0	4	2	0	0	0	1	3	0	0	0
26	0	0	0	0	0	0	0	0	0	0	0	0	0	0	0	0	0	0	0	0	0	0	0	0	0	0	1028	0	0	0	0	0	0	2	2	0	0	0	0	0	0	1	2	0	0	0	0	0	0	0	0	0	0	0	0	0	0	13	1	0	0	8	0	0	0	44	2	0	11	0
27	0	0	0	0	0	0	0	0	0	0	0	0	0	0	0	0	0	0	0	0	0	0	0	0	0	0	0	908	0	0	0	2	0	0	2	0	0	9	0	58	0	0	0	0	26	0	0	0	1	0	3	0	0	0	7	0	2	0	0	0	0	0	0	0	0	0	0	0	0	0
28	0	0	0	0	0	0	0	0	0	0	0	0	0	0	0	0	0	0	0	0	0	0	0	0	0	0	0	0	714	0	0	0	0	0	0	0	0	0	0	22	0	0	0	0	15	57	0	2	1	0	2	0	0	0	0	0	3	0	0	0	3	0	0	0	7	6	0	4	0	0
29	0	0	0	0	0	0	0	0	0	0	0	0	0	0	0	0	0	0	0	0	0	0	0	0	0	0	0	0	0	2157	0	3	7	0	0	0	0	0	32	0	0	0	0	0	0	0	74	0	0	0	0	0	0	6	0	13	0	0	0	38	0	0	0	0	7	0	0	0	0	0
30	0	0	0	0	0	0	0	0	0	0	0	0	0	0	0	0	0	0	0	0	0	0	0	0	0	0	0	0	0	0	761	0	16	17	0	0	7	4	0	0	0	0	3	0	0	0	0	2	1	0	0	0	1	0	0	4	1	1	26	0	0	10	3	1	0	0	0	2	0	0
31	0	0	0	0	0	0	0	0	0	0	0	0	0	0	0	0	0	0	0	0	0	0	0	0	0	0	0	0	0	0	0	357	0	0	0	0	1	20	3	0	0	0	0	0	1	0	4	0	0	0	1	0	0	1	0	0	0	0	0	2	0	0	34	0	1	0	0	0	0	0
32	0	0	0	0	0	0	0	0	0	0	0	0	0	0	0	0	0	0	0	0	0	0	0	0	0	0	0	0	0	0	0	0	2811	14	4	0	0	8	16	0	0	0	0	0	0	0	24	1	0	4	0	0	0	65	0	25	1	0	51	106	3	28	22	8	2	0	2	0	0	0
33	0	0	0	0	0	0	0	0	0	0	0	0	0	0	0	0	0	0	0	0	0	0	0	0	0	0	0	0	0	0	0	0	0	910	8	0	1	7	1	0	0	0	3	1	0	0	0	1	0	1	8	0	0	4	0	8	0	3	7	6	0	22	5	0	3	3	7	0	0	0
34	0	0	0	0	0	0	0	0	0	0	0	0	0	0	0	0	0	0	0	0	0	0	0	0	0	0	0	0	0	0	0	0	0	0	918	0	0	0	5	0	0	0	0	0	4	0	0	0	0	2	0	1	0	0	1	0	10	0	0	0	1	1	0	0	5	0	0	0	1	0
35	0	0	0	0	0	0	0	0	0	0	0	0	0	0	0	0	0	0	0	0	0	0	0	0	0	0	0	0	0	0	0	0	0	0	0	2112	1	2	0	0	1	0	0	0	0	0	0	1	0	3	31	0	0	0	0	0	1	4	0	0	2	2	0	0	0	0	9	0	0	0
36	0	0	0	0	0	0	0	0	0	0	0	0	0	0	0	0	0	0	0	0	0	0	0	0	0	0	0	0	0	0	0	0	0	0	0	0	311	24	2	1	0	0	0	0	0	0	0	0	0	0	4	0	5	0	1	0	0	0	0	0	0	0	31	6	0	0	0	0	1	0
37	0	0	0	0	0	0	0	0	0	0	0	0	0	0	0	0	0	0	0	0	0	0	0	0	0	0	0	0	0	0	0	0	0	0	0	0	0	647	0	0	0	0	0	0	0	0	0	1	0	0	13	0	0	2	0	0	0	0	0	0	1	2	6	0	1	1	1	0	0	0
38	0	0	0	0	0	0	0	0	0	0	0	0	0	0	0	0	0	0	0	0	0	0	0	0	0	0	0	0	0	0	0	0	0	0	0	0	0	0	605	0	0	0	0	0	0	0	2	2	0	4	3	0	0	13	0	6	2	0	0	0	5	0	0	6	17	0	0	0	0	0
39	0	0	0	0	0	0	0	0	0	0	0	0	0	0	0	0	0	0	0	0	0	0	0	0	0	0	0	0	0	0	0	0	0	0	0	0	0	0	0	906	0	0	0	0	9	20	0	0	4	0	0	1	0	0	2	0	4	0	0	0	0	0	0	1	0	0	0	1	0	0
40	0	0	0	0	0	0	0	0	0	0	0	0	0	0	0	0	0	0	0	0	0	0	0	0	0	0	0	0	0	0	0	0	0	0	0	0	0	0	0	0	1385	0	3	0	0	0	0	0	0	0	0	2	0	0	0	0	0	23	0	0	9	0	0	0	0	2	2	0	0	64
41	0	0	0	0	0	0	0	0	0	0	0	0	0	0	0	0	0	0	0	0	0	0	0	0	0	0	0	0	0	0	0	0	0	0	0	0	0	0	0	0	0	1155	6	27	0	0	0	0	0	6	1	4	35	0	0	0	0	5	3	0	2	39	0	0	0	0	0	0	0	96
42	0	0	0	0	0	0	0	0	0	0	0	0	0	0	0	0	0	0	0	0	0	0	0	0	0	0	0	0	0	0	0	0	0	0	0	0	0	0	0	0	0	0	1028	1	0	0	0	2	0	0	0	1	35	0	0	0	0	20	7	0	0	32	2	1	0	0	5	0	7	11
43	0	0	0	0	0	0	0	0	0	0	0	0	0	0	0	0	0	0	0	0	0	0	0	0	0	0	0	0	0	0	0	0	0	0	0	0	0	0	0	0	0	0	0	1215	0	0	0	0	0	20	0	1	8	0	0	0	0	0	61	0	0	54	0	0	0	2	0	1	0	0
44	0	0	0	0	0	0	0	0	0	0	0	0	0	0	0	0	0	0	0	0	0	0	0	0	0	0	0	0	0	0	0	0	0	0	0	0	0	0	0	0	0	0	0	0	843	1	0	0	0	0	0	0	0	0	0	0	1	0	0	0	0	0	0	0	1	2	0	0	0	0
45	0	0	0	0	0	0	0	0	0	0	0	0	0	0	0	0	0	0	0	0	0	0	0	0	0	0	0	0	0	0	0	0	0	0	0	0	0	0	0	0	0	0	0	0	0	2152	0	0	24	0	3	2	0	0	2	0	1	0	0	0	1	0	0	0	0	0	0	1	0	0
46	0	0	0	0	0	0	0	0	0	0	0	0	0	0	0	0	0	0	0	0	0	0	0	0	0	0	0	0	0	0	0	0	0	0	0	0	0	0	0	0	0	0	0	0	0	0	5663	0	0	0	0	0	0	1	0	3	0	0	0	140	0	0	0	0	1	0	0	0	0	0
47	0	0	0	0	0	0	0	0	0	0	0	0	0	0	0	0	0	0	0	0	0	0	0	0	0	0	0	0	0	0	0	0	0	0	0	0	0	0	0	0	0	0	0	0	0	0	0	655	0	1	0	0	1	4	0	31	0	2	4	0	1	0	6	10	7	0	5	1	0	0
48	0	0	0	0	0	0	0	0	0	0	0	0	0	0	0	0	0	0	0	0	0	0	0	0	0	0	0	0	0	0	0	0	0	0	0	0	0	0	0	0	0	0	0	0	0	0	0	0	2510	0	0	22	0	0	3	0	124	0	0	0	2	0	0	0	0	0	0	40	0	0
49	0	0	0	0	0	0	0	0	0	0	0	0	0	0	0	0	0	0	0	0	0	0	0	0	0	0	0	0	0	0	0	0	0	0	0	0	0	0	0	0	0	0	0	0	0	0	0	0	0	1068	1	8	1	0	0	0	0	0	3	0	32	31	0	25	0	2	0	3	0	2
50	0	0	0	0	0	0	0	0	0	0	0	0	0	0	0	0	0	0	0	0	0	0	0	0	0	0	0	0	0	0	0	0	0	0	0	0	0	0	0	0	0	0	0	0	0	0	0	0	0	0	1450	0	0	2	2	0	1	0	0	0	11	2	0	1	2	0	6	0	0	0
51	0	0	0	0	0	0	0	0	0	0	0	0	0	0	0	0	0	0	0	0	0	0	0	0	0	0	0	0	0	0	0	0	0	0	0	0	0	0	0	0	0	0	0	0	0	0	0	0	0	0	0	354	3	0	4	0	0	0	1	0	11	0	0	23	0	0	0	17	2	2
52	0	0	0	0	0	0	0	0	0	0	0	0	0	0	0	0	0	0	0	0	0	0	0	0	0	0	0	0	0	0	0	0	0	0	0	0	0	0	0	0	0	0	0	0	0	0	0	0	0	0	0	0	1728	0	0	0	0	0	2	0	0	29	2	3	0	0	0	0	3	4
53	0	0	0	0	0	0	0	0	0	0	0	0	0	0	0	0	0	0	0	0	0	0	0	0	0	0	0	0	0	0	0	0	0	0	0	0	0	0	0	0	0	0	0	0	0	0	0	0	0	0	0	0	0	2427	0	37	0	0	6	93	5	21	7	3	23	0	54	0	0	0
54	0	0	0	0	0	0	0	0	0	0	0	0	0	0	0	0	0	0	0	0	0	0	0	0	0	0	0	0	0	0	0	0	0	0	0	0	0	0	0	0	0	0	0	0	0	0	0	0	0	0	0	0	0	0	413	0	2	0	0	0	0	0	0	0	0	0	0	0	2	0
55	0	0	0	0	0	0	0	0	0	0	0	0	0	0	0	0	0	0	0	0	0	0	0	0	0	0	0	0	0	0	0	0	0	0	0	0	0	0	0	0	0	0	0	0	0	0	0	0	0	0	0	0	0	0	0	891	1	0	14	44	1	2	5	0	11	0	7	0	0	0
56	0	0	0	0	0	0	0	0	0	0	0	0	0	0	0	0	0	0	0	0	0	0	0	0	0	0	0	0	0	0	0	0	0	0	0	0	0	0	0	0	0	0	0	0	0	0	0	0	0	0	0	0	0	0	0	0	1343	0	0	0	1	0	0	1	9	0	0	8	0	0
57	0	0	0	0	0	0	0	0	0	0	0	0	0	0	0	0	0	0	0	0	0	0	0	0	0	0	0	0	0	0	0	0	0	0	0	0	0	0	0	0	0	0	0	0	0	0	0	0	0	0	0	0	0	0	0	0	0	845	0	0	7	9	0	0	0	9	8	4	1	11
58	0	0	0	0	0	0	0	0	0	0	0	0	0	0	0	0	0	0	0	0	0	0	0	0	0	0	0	0	0	0	0	0	0	0	0	0	0	0	0	0	0	0	0	0	0	0	0	0	0	0	0	0	0	0	0	0	0	0	2219	16	1	56	38	12	0	0	0	0	0	0
59	0	0	0	0	0	0	0	0	0	0	0	0	0	0	0	0	0	0	0	0	0	0	0	0	0	0	0	0	0	0	0	0	0	0	0	0	0	0	0	0	0	0	0	0	0	0	0	0	0	0	0	0	0	0	0	0	0	0	0	2633	0	0	10	2	0	0	0	0	0	0
60	0	0	0	0	0	0	0	0	0	0	0	0	0	0	0	0	0	0	0	0	0	0	0	0	0	0	0	0	0	0	0	0	0	0	0	0	0	0	0	0	0	0	0	0	0	0	0	0	0	0	0	0	0	0	0	0	0	0	0	0	2115	25	0	3	2	9	8	25	0	0
61	0	0	0	0	0	0	0	0	0	0	0	0	0	0	0	0	0	0	0	0	0	0	0	0	0	0	0	0	0	0	0	0	0	0	0	0	0	0	0	0	0	0	0	0	0	0	0	0	0	0	0	0	0	0	0	0	0	0	0	0	0	2282	0	1	0	5	24	7	0	5
62	0	0	0	0	0	0	0	0	0	0	0	0	0	0	0	0	0	0	0	0	0	0	0	0	0	0	0	0	0	0	0	0	0	0	0	0	0	0	0	0	0	0	0	0	0	0	0	0	0	0	0	0	0	0	0	0	0	0	0	0	0	0	915	12	0	0	0	0	0	0
63	0	0	0	0	0	0	0	0	0	0	0	0	0	0	0	0	0	0	0	0	0	0	0	0	0	0	0	0	0	0	0	0	0	0	0	0	0	0	0	0	0	0	0	0	0	0	0	0	0	0	0	0	0	0	0	0	0	0	0	0	0	0	0	1174	0	0	0	15	0	0
64	0	0	0	0	0	0	0	0	0	0	0	0	0	0	0	0	0	0	0	0	0	0	0	0	0	0	0	0	0	0	0	0	0	0	0	0	0	0	0	0	0	0	0	0	0	0	0	0	0	0	0	0	0	0	0	0	0	0	0	0	0	0	0	0	1132	5	10	0	0	0
65	0	0	0	0	0	0	0	0	0	0	0	0	0	0	0	0	0	0	0	0	0	0	0	0	0	0	0	0	0	0	0	0	0	0	0	0	0	0	0	0	0	0	0	0	0	0	0	0	0	0	0	0	0	0	0	0	0	0	0	0	0	0	0	0	0	1226	14	0	0	2
66	0	0	0	0	0	0	0	0	0	0	0	0	0	0	0	0	0	0	0	0	0	0	0	0	0	0	0	0	0	0	0	0	0	0	0	0	0	0	0	0	0	0	0	0	0	0	0	0	0	0	0	0	0	0	0	0	0	0	0	0	0	0	0	0	0	0	1348	0	0	0
67	0	0	0	0	0	0	0	0	0	0	0	0	0	0	0	0	0	0	0	0	0	0	0	0	0	0	0	0	0	0	0	0	0	0	0	0	0	0	0	0	0	0	0	0	0	0	0	0	0	0	0	0	0	0	0	0	0	0	0	0	0	0	0	0	0	0	0	515	0	0
68	0	0	0	0	0	0	0	0	0	0	0	0	0	0	0	0	0	0	0	0	0	0	0	0	0	0	0	0	0	0	0	0	0	0	0	0	0	0	0	0	0	0	0	0	0	0	0	0	0	0	0	0	0	0	0	0	0	0	0	0	0	0	0	0	0	0	0	0	547	0
69	0	0	0	0	0	0	0	0	0	0	0	0	0	0	0	0	0	0	0	0	0	0	0	0	0	0	0	0	0	0	0	0	0	0	0	0	0	0	0	0	0	0	0	0	0	0	0	0	0	0	0	0	0	0	0	0	0	0	0	0	0	0	0	0	0	0	0	0	0	1434
